intento,accuracy,loss
1,0.344696968793869,1.0959923267364502
2,0.4375,1.0686359405517578
3,0.44602271914482117,1.095278024673462
4,0.814393937587738,0.6015395522117615
