{"0": 1.4731993299832495, "1": 0.9837807606263982, "2": 0.7664488017429194}